{
  "best_method": "mtcnn",
  "mtcnn": {
    "accuracy": 1.0,
    "precision": 1.0,
    "recall": 1.0,
    "f1": 1.0,
    "avg_inference_ms": 151.205297259204,
    "classes": [
      "J0403231006",
      "J0403231019",
      "J0403231031",
      "J0403231035",
      "J0403231041",
      "J0403231056",
      "J0403231061",
      "J0403231094",
      "J0403231132",
      "J0403231166",
      "J0405231059",
      "J0410231051",
      "J0410231092",
      "J0410231105",
      "J0410231121",
      "J0410231154"
    ]
  },
  "yolo": {
    "accuracy": 0.991869918699187,
    "precision": 0.9930313588850174,
    "recall": 0.991869918699187,
    "f1": 0.9918130649837967,
    "avg_inference_ms": 345.14678648280375,
    "classes": [
      "J0403231006",
      "J0403231019",
      "J0403231031",
      "J0403231035",
      "J0403231041",
      "J0403231056",
      "J0403231061",
      "J0403231094",
      "J0403231132",
      "J0403231166",
      "J0405231059",
      "J0410231051",
      "J0410231092",
      "J0410231105",
      "J0410231121",
      "J0410231154"
    ]
  }
}